{"cameraMode":{"drawMode":0,"name":"Shaded","section":"Shading Mode"},"sceneLighting":false,"audioPlay":false,"sceneViewState":{"m_AlwaysRefresh":false,"showFog":true,"showSkybox":false,"showFlares":true,"showImageEffects":true,"showParticleSystems":true,"showVisualEffectGraphs":true,"m_FxEnabled":true},"in2DMode":false,"pivot":{"x":0.18270942568778993,"y":-0.6690659523010254,"z":1.935420036315918},"rotation":{"x":-0.0898861512541771,"y":0.007183555513620377,"z":-0.0006539770402014256,"w":-0.9959388375282288},"size":7.794228553771973,"orthographic":false}